-- Data primarily generated by ChatGPT

INSERT INTO Users (user_id, username, join_date)
VALUES 
(1, 'Deandeanmoose', '2012-11-08'),
(2, 'NoNameWriter', '2013-04-22'),
(3, 'Dancing_with_delusions', '2011-08-15'),
(4, 'ObsidianPen', '2013-02-03'),
(5, 'ShadyDigress', '2014-05-10'),
(6, 'inwardtransience', '2013-12-25'),
(7, 'hedgehodgy', '2014-01-07'),
(8, 'neighborhood_yogurt', '2012-06-30'),
(9, 'finallyaniguana', '2011-11-17'),
(10, 'Flora_Gray', '2013-09-01');

INSERT INTO Fanfic (fanfic_id, title, words, complete, create_date, update_date) 
VALUES 
(1, 'Watch The Eyes', 15000, TRUE, '2023-02-10', '2023-06-15'),
(2, 'The Better Man', 8700, FALSE, '2024-01-05', '2024-03-10'),
(3, 'Ringing you', 12000, TRUE, '2022-09-17', '2022-11-01'),
(4, 'Burning Red', 23000, FALSE, '2021-03-12', '2023-01-19'),
(5, 'Blood and Gold ', 10000, TRUE, '2022-05-20', '2022-07-03'),
(6, 'What Belongs To Him', 4500, FALSE, '2023-04-11', '2023-08-29'),
(7, 'The Good War', 1855585, TRUE, '2022-08-01', '2023-02-18'),
(8, 'Mercy Upon Ourselves', 9700, TRUE, '2021-12-09', '2022-01-25'),
(9, 'Children of the Gods', 5400, FALSE, '2022-07-13', '2022-10-05'),
(10, 'That Was Part of the Plan', 742449, TRUE, '2023-03-15', '2023-05-23'),
(11, 'All According to Plan', 446671, TRUE, '2021-11-10', '2022-02-18'),
(12, 'Running Parallel', 10500, FALSE, '2023-08-22', '2024-01-14'),
(13, 'A Window to the Past', 9400, TRUE, '2022-02-05', '2022-04-11'),
(14, 'You With The Watercolour Eyes', 19000, FALSE, '2021-06-30', '2023-05-08'),
(15, 'Holly & Yew', 8200, TRUE, '2023-09-19', '2024-01-10'),
(16, 'With Every Small Disaster', 13300, FALSE, '2023-05-12', '2023-11-30'),
(17, 'An Undertow of Sand', 7200, TRUE, '2021-10-01', '2021-12-20'),
(18, 'Difference Is Key', 11000, TRUE, '2022-04-15', '2022-07-04');

INSERT INTO Fandom (fandom_name, fandom_type, descript)
VALUES
('Harry Potter - J. K. Rowling', 'Book', 'A magical world of wizards, witches, and the battle between good and evil centered on Harry Potter.'),
('Percy Jackson and the Olympians - Rick Riordan', 'Book', 'The adventures of Percy Jackson, a demigod and son of Poseidon, as he navigates Greek mythology in the modern world.'),
('Phantom of the Opera - Lloyd Webber', 'Musical', 'A mysterious figure haunts the Paris Opera House, falling in love with a beautiful singer in this timeless tale of love and obsession.'),
('Batman - All Media Types', 'All', 'The Dark Knight fights crime in Gotham City, confronting his own inner demons and a rogue’s gallery of villains.'),
('Marvel Cinematic Universe', 'All', 'The Marvel Cinematic Universe (MCU) brings together a wide array of superheroes, including Iron Man, Captain America, and Thor, in a connected, action-packed universe.'),
('Miraculous Ladybug', 'TV Show', 'Teenagers Marinette and Adrien transform into the superheroes Ladybug and Cat Noir to protect Paris from supervillains.'),
('Scream (Movies)', 'Film', 'A horror movie series where a masked killer, known as Ghostface, terrorizes its victims with phone calls and deadly games.'),
('The Vampire Diaries (TV)', 'TV Show', 'A supernatural drama centered on the lives of vampires, werewolves, and witches, following the love triangle between Elena, Stefan, and Damon.'),
('Stranger Things (TV)', 'TV Show', 'A group of kids in the 1980s uncover supernatural mysteries and secret government experiments while searching for their missing friend.'),
('The Hunger Games - Suzanne Collins', 'Book', 'A dystopian series following Katniss Everdeen as she fights for survival in a brutal competition and leads a rebellion against an oppressive regime.'),
('Buffy the Vampire Slayer (TV)', 'TV Show', 'Buffy Summers battles vampires, demons, and other forces of darkness while navigating high school and young adulthood.');

INSERT INTO Tag (tag_name, tag_descript)
VALUES
('AU', 'Alternate Universe: A fanfiction set in a universe different from the original work.'),
('Fluff', 'Light-hearted, sweet, and romantic interactions between characters.'),
('Angst', 'Stories filled with emotional turmoil and drama.'),
('Slow Burn', 'A romance or plot that builds up gradually over time.'),
('Crossover', 'A fanfiction that combines characters or elements from different fandoms.'),
('One-shot', 'A standalone fanfic with a single chapter.'),
('Hurt/Comfort', 'One character is hurt, either emotionally or physically, and another comforts them.'),
('Crack', 'A humorous and nonsensical fanfiction that breaks normal character conventions.'),
('Canon Divergence', 'A story where the plot deviates from the established canon at a certain point.'),
('Fix-it', 'A fanfic that rewrites or changes an event in the canon that didn’t sit well with fans.');

INSERT INTO Writes (user_id, fanfic_id)
VALUES
(1, 2),  -- Deandeanmoose wrote 'The Better Man'
(2, 16), -- NoNameWriter wrote 'With Every Small Disaster'
(3, 1),  -- Dancing_with_delusions wrote 'Watch The Eyes'
(4, 5),  -- ObsidianPen wrote 'Blood and Gold'
(5, 14), -- ShadyDigress wrote 'You With The Watercolour Eyes'
(6, 12), -- inwardtransience wrote 'Running Parallel'
(7, 6),  -- hedgehodgy wrote 'What Belongs To Him'
(8, 4),  -- neighborhood_yogurt wrote 'Burning Red'
(9, 17), -- finallyaniguana wrote 'An Undertow of Sand'
(10, 15); -- Flora_Gray wrote 'Holly & Yew'

INSERT INTO Belongs_To (fanfic_id, fandom_name)
VALUES
(1, 'Batman - All Media Types'),  -- 'Watch The Eyes' belongs to Batman
(2, 'Phantom of the Opera - Lloyd Webber'),  -- 'The Better Man'
(3, 'Phantom of the Opera - Lloyd Webber'),  -- 'Ringing you' belongs to Phantom of the Opera
(4, 'Marvel Cinematic Universe'),  -- 'Burning Red' belongs to MCU
(5, 'Harry Potter - J. K. Rowling'),  -- 'Blood and Gold'
(6, 'Miraculous Ladybug'),  -- 'What Belongs To Him' belongs to Miraculous Ladybug
(7, 'Harry Potter - J. K. Rowling'),  -- 'The Good War'
(8, 'The Vampire Diaries (TV)'),  -- 'Mercy Upon Ourselves' belongs to Vampire Diaries
(9, 'Percy Jackson and the Olympians - Rick Riordan'),  -- 'Children of the Gods' belongs to Percy Jackson
(10, 'Harry Potter - J. K. Rowling'),  -- 'That Was Part of the Plan'
(11, 'Harry Potter - J. K. Rowling'),  -- 'All According to Plan'
(12, 'Miraculous Ladybug'),  -- 'Running Parallel' belongs to Miraculous Ladybug
(13, 'Harry Potter - J. K. Rowling'),  -- 'A Window to the Past' belongs to Harry Potter
(14, 'Scream (Movies)'),  -- 'You With The Watercolour Eyes' belongs to Scream
(15, 'Harry Potter - J. K. Rowling'),  -- 'Holly & Yew' 
(16, 'Percy Jackson and the Olympians - Rick Riordan'),  -- 'With Every Small Disaster' belongs to Percy Jackson
(17, 'Percy Jackson and the Olympians - Rick Riordan'),  -- 'An Undertow of Sand'
(18, 'Marvel Cinematic Universe');  -- 'Difference Is Key'

INSERT INTO Character_Part_Of (fandom_name, char_name, gender)
VALUES
('Harry Potter - J. K. Rowling', 'Harry Potter', 'Male'),
('Harry Potter - J. K. Rowling', 'Draco Malfoy', 'Male'),
('Percy Jackson and the Olympians - Rick Riordan', 'Percy Jackson', 'Male'),
('Percy Jackson and the Olympians - Rick Riordan', 'Annabeth Chase', 'Female'),
('Phantom of the Opera - Lloyd Webber', 'Erik (The Phantom)', 'Male'),
('Phantom of the Opera - Lloyd Webber', 'Christine Daaé', 'Female'),
('Batman - All Media Types', 'Bruce Wayne (Batman)', 'Male'),
('Batman - All Media Types', 'Clark Kent (Superman)', 'Male'),
('Batman - All Media Types', 'Damiane Wayne (Robin)', 'Male'),
('Marvel Cinematic Universe', 'Pepper Potts', 'Female'),
('Marvel Cinematic Universe', 'Tony Stark (Iron Man)', 'Female'),
('Miraculous Ladybug', 'Adrien Agreste (Cat Noir)', 'Male'),
('Miraculous Ladybug', 'Marinette Dupain-Cheng (Ladybug)', 'Female'),
('Miraculous Ladybug', 'Damian Wayne (Robin)', 'Male'),
('Scream (Movies)', 'Sidney Prescott', 'Female'),
('Scream (Movies)', 'Gale Weathers', 'Female'),
('Scream (Movies)', 'Dewey Riley', 'Male'),
('The Hunger Games - Suzanne Collins', 'Katniss Everdeen', 'Female'),
('The Hunger Games - Suzanne Collins', 'Peeta Mellark', 'Male'),
('The Hunger Games - Suzanne Collins', 'Gale Hawthorne', 'Male'),
('Buffy the Vampire Slayer (TV)', 'Buffy Summers', 'Female'),
('Buffy the Vampire Slayer (TV)', 'Willow Rosenberg', 'Female'),
('Buffy the Vampire Slayer (TV)', 'Faith Lehane', 'Female'),
('The Vampire Diaries (TV)', 'Elena Gilbert', 'Female'),
('The Vampire Diaries (TV)', 'Stefan Salvatore', 'Male'),
('The Vampire Diaries (TV)', 'Damon Salvatore', 'Male');

INSERT INTO In_Relationship (first_char, second_char, relation_type)
VALUES
('Draco Malfoy', 'Harry Potter', '/'),
('Bruce Wayne (Batman)', 'Clark Kent (Superman)', '/'),
('Christine Daaé', 'Erik (The Phantom)', '/'),
('Pepper Potts', 'Tony Stark (Iron Man)', '/'),
('Adrien Agreste (Cat Noir)', 'Marinette Dupain-Cheng (Ladybug)', '&'),
('Damian Wayne (Robin)', 'Marinette Dupain-Cheng (Ladybug)', '&'),
('Buffy Summers', 'Faith Lehane', '/'),
('Elena Gilbert', 'Stefan Salvatore', '/'),
('Damon Salvatore', 'Elena Gilbert', '/'),
('Katniss Everdeen', 'Peeta Mellark', '/'),
('Gale Hawthorne', 'Katniss Everdeen', '/'),
('Dewey Riley', 'Gale Weathers', '/');

INSERT INTO Tagged_With (fanfic_id, tag_name)
VALUES
(1, 'AU'),                  -- Fanfic 1 tagged with 'AU'
(2, 'Fluff'),               -- Fanfic 2 tagged with 'Fluff'
(2, 'Slow Burn'),           -- Fanfic 2 tagged with 'Slow Burn'
(3, 'Angst'),               -- Fanfic 3 tagged with 'Angst'
(3, 'Crossover'),           -- Fanfic 3 tagged with 'Crossover'
(4, 'Fix-it'),                -- Fanfic 4 tagged with 'Fix-it'
(5, 'Crossover'),           -- Fanfic 5 tagged with 'Crossover'
(5, 'One-shot'),            -- Fanfic 5 tagged with 'One-shot'
(6, 'Hurt/Comfort'),        -- Fanfic 6 tagged with 'Hurt/Comfort'
(6, 'Fluff'),               -- Fanfic 6 tagged with 'Fluff'
(7, 'Crack'),               -- Fanfic 7 tagged with 'Crack'
(7, 'AU'),                  -- Fanfic 7 tagged with 'AU'
(8, 'Canon Divergence'),     -- Fanfic 8 tagged with 'Canon Divergence'
(8, 'Angst'),               -- Fanfic 8 tagged with 'Angst'
(9, 'Fix-it'),              -- Fanfic 9 tagged with 'Fix-it'
(9, 'Hurt/Comfort'),        -- Fanfic 9 tagged with 'Hurt/Comfort'
(10, 'Fluff'),              -- Fanfic 10 tagged with 'Fluff'
(10, 'One-shot'),           -- Fanfic 10 tagged with 'One-shot'
(11, 'AU'),                 -- Fanfic 11 tagged with 'AU'
(11, 'Crossover'),          -- Fanfic 11 tagged with 'Crossover'
(12, 'Angst'),              -- Fanfic 12 tagged with 'Angst'
(12, 'Crack'),              -- Fanfic 12 tagged with 'Crack'
(13, 'Slow Burn'),          -- Fanfic 13 tagged with 'Slow Burn'
(13, 'Fluff'),              -- Fanfic 13 tagged with 'Fluff'
(14, 'Hurt/Comfort'),       -- Fanfic 14 tagged with 'Hurt/Comfort'
(14, 'Fix-it'),             -- Fanfic 14 tagged with 'Fix-it'
(15, 'Crossover'),          -- Fanfic 15 tagged with 'Crossover'
(15, 'One-shot'),           -- Fanfic 15 tagged with 'One-shot'
(2, 'Angst'),                 -- Fanfic 2 tagged with 'Angst'
(3, 'Fluff'),                 -- Fanfic 3 tagged with 'Fluff'
(5, 'Canon Divergence'),      -- Fanfic 5 tagged with 'Crossover'
(6, 'Canon Divergence'),      -- Fanfic 6 tagged with 'Canon Divergence'
(7, 'One-shot'),              -- Fanfic 7 tagged with 'One-shot'
(9, 'AU'),                    -- Fanfic 9 tagged with 'AU'
(10, 'Crack'),                -- Fanfic 10 tagged with 'Crack'
(11, 'Fluff'),                -- Fanfic 11 tagged with 'Fluff'
(12, 'Hurt/Comfort'),         -- Fanfic 12 tagged with 'Hurt/Comfort'
(13, 'Fix-it'),               -- Fanfic 13 tagged with 'Fix-it'
(15, 'Angst');                -- Fanfic 15 tagged with 'Angst'

INSERT INTO Rates (user_id, fanfic_id, rate_date, rate_value)
VALUES 
(1, 1, '2023-06-20', 8),
(2, 1, '2024-03-15', 9),
(3, 8, '2022-11-10', 7),
(4, 4, '2023-02-01', 6),
(5, 5, '2022-07-15', 10),
(6, 6, '2023-09-01', 5),
(7, 7, '2023-03-01', 10),
(8, 8, '2022-02-01', 8),
(9, 9, '2022-10-15', 7),
(10, 8, '2023-05-30', 9);

INSERT INTO Comment (comment_id, content, posted_date)
VALUES
(1, 'Amazing plot twists!', '2023-06-20'),
(2, 'I love the character development here!', '2024-03-15'),
(3, 'A touching and emotional journey!', '2022-11-10'),
(4, 'Interesting, but needs more action!', '2023-02-01'),
(5, 'Well written and engaging!', '2022-07-15'),
(6, 'Couldnt stop reading, very immersive!', '2023-09-01'),
(7, 'This is a masterpiece!', '2023-03-01'),
(8, 'Great start but lost me halfway!', '2022-02-01'),
(9, 'Really enjoyed the tension between characters!', '2022-10-15'),
(10, 'This story is so well-paced and detailed.', '2023-05-30'),
(11, 'This story captured the essence of the original work.', '2024-01-15'),
(12, 'The plot felt rushed in the middle chapters.', '2023-08-23'),
(13, 'Such a powerful ending!', '2023-09-12'),
(14, 'The pacing is a bit slow, but the character moments are great.', '2022-11-25'),
(15, 'I didn’t expect that twist at all!', '2024-04-08');

INSERT INTO Parent_Of (child_id, parent_id)
VALUES
(2, 1),   -- Comment 2 is a reply to Comment 1
(3, 1),   -- Comment 3 is a reply to Comment 1
(4, 2),   -- Comment 4 is a reply to Comment 2
(5, 2),   -- Comment 5 is a reply to Comment 2
(6, 3),   -- Comment 6 is a reply to Comment 3
(7, 1),   -- Comment 7 is a reply to Comment 1
(8, 5),   -- Comment 8 is a reply to Comment 5
(11, 1),  -- Comment 11 is a reply to Comment 1
(12, 2),  -- Comment 12 is a reply to Comment 2
(13, 6),  -- Comment 13 is a reply to Comment 6
(14, 5),  -- Comment 14 is a reply to Comment 5
(15, 7);  -- Comment 15 is a reply to Comment 7

INSERT INTO Comments_On (comment_id, user_id, fanfic_id)
VALUES
(1, 10, 1),
(2, 1, 1),
(3, 8, 3),
(4, 7, 4),
(5, 6, 5),
(6, 5, 6),
(7, 4, 7),
(8, 3, 8),
(9, 2, 9),
(10, 1, 10),
(11, 10, 2),
(12, 1, 2),
(13, 8, 3),
(14, 7, 4),
(15, 6, 5);
