-- Data primarily generated by ChatGPT

INSERT INTO User (user_id, username, join_date)
VALUES 
(1, 'Deandeanmoose', '2022-11-08'),
(2, 'NoNameWriter', '2023-04-22'),
(3, 'Dancing_with_delusions', '2021-08-15'),
(4, 'ObsidianPen', '2023-02-03'),
(5, 'ShadyDigress', '2024-05-10'),
(6, 'inwardtransience', '2023-12-25'),
(7, 'hedgehodgy', '2024-01-07'),
(8, 'neighborhood_yogurt', '2022-06-30'),
(9, 'finallyaniguana', '2021-11-17'),
(10, 'Flora_Gray', '2023-09-01');

INSERT INTO Fanfic (fanfic_id, title, words, complete, create_date, update_date) 
VALUES 
(1, 'Watch The Eyes', 15000, TRUE, '2023-02-10', '2023-06-15'),
(2, 'The Better Man', 8700, FALSE, '2024-01-05', '2024-03-10'),
(3, 'Ringing you', 12000, TRUE, '2022-09-17', '2022-11-01'),
(4, 'Burning Red', 23000, FALSE, '2021-03-12', '2023-01-19'),
(5, 'Blood and Gold ', 10000, TRUE, '2022-05-20', '2022-07-03'),
(6, 'What Belongs To Him', 4500, FALSE, '2023-04-11', '2023-08-29'),
(7, 'The Good War', 1855585, TRUE, '2022-08-01', '2023-02-18'),
(8, 'Mercy Upon Ourselves', 9700, TRUE, '2021-12-09', '2022-01-25'),
(9, 'Children of the Gods', 5400, FALSE, '2022-07-13', '2022-10-05'),
(10, 'That Was Part of the Plan', 742449, TRUE, '2023-03-15', '2023-05-23'),
(11, 'All According to Plan', 446671, TRUE, '2021-11-10', '2022-02-18'),
(12, 'Running Parallel', 10500, FALSE, '2023-08-22', '2024-01-14'),
(13, 'A Window to the Past', 9400, TRUE, '2022-02-05', '2022-04-11'),
(14, 'You With The Watercolour Eyes', 19000, FALSE, '2021-06-30', '2023-05-08'),
(15, 'Holly & Yew', 8200, TRUE, '2023-09-19', '2024-01-10'),
(16, 'With Every Small Disaster', 13300, FALSE, '2023-05-12', '2023-11-30'),
(17, 'An Undertow of Sand', 7200, TRUE, '2021-10-01', '2021-12-20'),
(18, 'Difference Is Key', 11000, TRUE, '2022-04-15', '2022-07-04'),

INSERT INTO Fandom (fandom_name, fandom_type, descript)
VALUES
('Harry Potter - J. K. Rowling  ', 'Book', 'A magical world of wizards, witches, and the battle between good and evil centered on Harry Potter.'),
('Percy Jackson and the Olympians - Rick Riordan  ', 'Book', 'The adventures of Percy Jackson, a demigod and son of Poseidon, as he navigates Greek mythology in the modern world.'),
('Phantom of the Opera - Lloyd Webber', 'Musical', 'A mysterious figure haunts the Paris Opera House, falling in love with a beautiful singer in this timeless tale of love and obsession.'),
('Batman - All Media Types', 'All', 'The Dark Knight fights crime in Gotham City, confronting his own inner demons and a rogue’s gallery of villains.'),
('Marvel Cinematic Universe,', 'All', 'The Marvel Cinematic Universe (MCU) brings together a wide array of superheroes, including Iron Man, Captain America, and Thor, in a connected, action-packed universe.'),
('Miraculous Ladybug', 'TV Show', 'Teenagers Marinette and Adrien transform into the superheroes Ladybug and Cat Noir to protect Paris from supervillains.');
('Scream (Movies)', 'Film', 'A horror movie series where a masked killer, known as Ghostface, terrorizes its victims with phone calls and deadly games.'),
('The Vampire Diaries (TV)', 'TV Show', 'A supernatural drama centered on the lives of vampires, werewolves, and witches, following the love triangle between Elena, Stefan, and Damon.');


INSERT INTO Comment (comment_id, content, posted_date)
VALUES 
('001', 'This fanfic is amazing! Can’t wait for the next chapter.', '2023-05-15'),
('002', 'I love how you wrote the characters, they feel so real.', '2023-06-20'),
('003', 'This part made me laugh out loud! Keep it up!', '2023-07-05'),
('004', 'Wow, the plot twist at the end was incredible!', '2023-08-01'),
('005', 'I’ve been following this for months, and it just keeps getting better.', '2023-09-14'),
('006', 'When will the next update be? I’m hooked!', '2023-09-29'),
('007', 'Such a great crossover! Never thought these two universes would mix so well.', '2023-10-10'),
('008', 'This fanfic is my new favorite. So well-written!', '2023-11-01'),
('009', 'I stayed up all night reading this. Totally worth it.', '2023-11-17'),
('010', 'I didn’t expect that ending at all, such a cliffhanger!', '2023-12-03'),
('011', 'The dialogue in this story is just perfect. Can’t get enough of it!', '2024-01-10'),
('012', 'I never knew I needed this ship until I read your fic!', '2024-01-20'),
('013', 'The action scenes were so intense, I was on the edge of my seat!', '2024-01-30'),
('014', 'Your writing style is so unique, I love how you capture emotions.', '2024-02-12'),
('015', 'I keep re-reading this chapter, it’s just that good!', '2024-02-28'),
('016', 'Please update soon! I’m dying to know what happens next!', '2024-03-05'),
('017', 'You totally nailed the characters’ personalities, amazing job!', '2024-03-15'),
('018', 'This fanfic deserves way more recognition, seriously underrated.', '2024-03-25'),
('019', 'I got emotional reading this chapter, so beautifully written.', '2024-04-01'),
('020', 'I love the humor in this! You’ve made my day brighter.', '2024-04-14');

INSERT INTO Tag (tag_name, tag_descript)
VALUES
('AU', 'Alternate Universe: A fanfiction set in a universe different from the original work.'),
('Fluff', 'Light-hearted, sweet, and romantic interactions between characters.'),
('Angst', 'Stories filled with emotional turmoil and drama.'),
('Slow Burn', 'A romance or plot that builds up gradually over time.'),
('Crossover', 'A fanfiction that combines characters or elements from different fandoms.'),
('One-shot', 'A standalone fanfic with a single chapter.'),
('Hurt/Comfort', 'One character is hurt, either emotionally or physically, and another comforts them.'),
('Crack', 'A humorous and nonsensical fanfiction that breaks normal character conventions.'),
('Canon Divergence', 'A story where the plot deviates from the established canon at a certain point.'),
('Fix-it', 'A fanfic that rewrites or changes an event in the canon that didn’t sit well with fans.');

INSERT INTO Writes (user_id, fanfic_id)
VALUES
(1, 2),  -- Deandeanmoose wrote 'The Better Man'
(2, 16), -- NoNameWriter wrote 'With Every Small Disaster'
(3, 1),  -- Dancing_with_delusions wrote 'Watch The Eyes'
(4, 5),  -- ObsidianPen wrote 'Blood and Gold'
(5, 14), -- ShadyDigress wrote 'You With The Watercolour Eyes'
(6, 12), -- inwardtransience wrote 'Running Parallel'
(7, 6),  -- hedgehodgy wrote 'What Belongs To Him'
(8, 4),  -- neighborhood_yogurt wrote 'Burning Red'
(9, 17), -- finallyaniguana wrote 'An Undertow of Sand'
(10, 15); -- Flora_Gray wrote 'Holly & Yew'

INSERT INTO Belongs_To (fanfic_id, fandom_name)
VALUES
(1, 'Batman - All Media Types'),  -- 'Watch The Eyes' belongs to Batman
(2, 'Phantom of the Opera - Lloyd Webber'),  -- 'The Better Man'
(3, 'Phantom of the Opera - Lloyd Webber'),  -- 'Ringing you' belongs to Phantom of the Opera
(4, 'Marvel Cinematic Universe'),  -- 'Burning Red' belongs to MCU
(5, 'Harry Potter - J. K. Rowling'),  -- 'Blood and Gold'
(6, 'Miraculous Ladybug'),  -- 'What Belongs To Him' belongs to Miraculous Ladybug
(7, 'Harry Potter - J. K. Rowling'),  -- 'The Good War'
(8, 'The Vampire Diaries (TV)'),  -- 'Mercy Upon Ourselves' belongs to Vampire Diaries
(9, 'Percy Jackson and the Olympians - Rick Riordan'),  -- 'Children of the Gods' belongs to Percy Jackson
(10, 'Harry Potter - J. K. Rowling'),  -- 'That Was Part of the Plan'
(11, 'Harry Potter - J. K. Rowling'),  -- 'All According to Plan'
(12, 'Miraculous Ladybug'),  -- 'Running Parallel' belongs to Miraculous Ladybug
(13, 'Harry Potter - J. K. Rowling'),  -- 'A Window to the Past' belongs to Harry Potter
(14, 'Scream (Movies)'),  -- 'You With The Watercolour Eyes' belongs to Scream
(15, 'Harry Potter - J. K. Rowling'),  -- 'Holly & Yew' 
(16, 'Percy Jackson and the Olympians - Rick Riordan'),  -- 'With Every Small Disaster' belongs to Percy Jackson
(17, 'Percy Jackson and the Olympians - Rick Riordan'),  -- 'An Undertow of Sand'
(18, 'Marvel Cinematic Universe');  -- 'Difference Is Key'

INSERT INTO Character_Part_Of (fandom_name, char_name, gender)
VALUES
('Harry Potter - J. K. Rowling', 'Harry Potter', 'Male'),
('Harry Potter - J. K. Rowling', 'Draco Malfoy', 'Male'),
('Percy Jackson and the Olympians - Rick Riordan', 'Percy Jackson', 'Male'),
('Percy Jackson and the Olympians - Rick Riordan', 'Annabeth Chase', 'Female'),
('Phantom of the Opera - Lloyd Webber', 'Erik (The Phantom)', 'Male'),
('Phantom of the Opera - Lloyd Webber', 'Christine Daaé', 'Female'),
('Batman - All Media Types', 'Bruce Wayne (Batman)', 'Male'),
('Batman - All Media Types', 'Clark Kent (Superman)', 'Male'),
('Batman - All Media Types', 'Damiane Wayne (Robin)', 'Male'),
('Marvel Cinematic Universe', 'Pepper Potts', 'Female'),
('Marvel Cinematic Universe', 'Tony Stark (Iron Man)', 'Female'),

('Miraculous Ladybug', 'Marinette Dupain-Cheng (Ladybug)', 'Female'),
('Scream (Movies)', 'Sidney Prescott', 'Female');


INSERT INTO In_Relationship (first_char, second_char, relation_type)
VALUES
('Draco Malfoy', 'Harry Potter', '/'),
('Bruce Wayne (Batman)', 'Clark Kent (Superman)', '/'),
('Christine Daaé', 'Erik (The Phantom)', '/'),
('Pepper Potts', 'Tony Stark (Iron Man)', '/'),
('Adrien Agreste (Cat Noir)', 'Marinette Dupain-Cheng (Ladybug)', '&'),
('Damian Wayne (Robin)', 'Marinette Dupain-Cheng (Ladybug)', '&'),

INSERT INTO Rates (user_id, fanfic_id, rate_date, rate_value)
VALUES
(1, 1, '2023-07-01', 8),
(2, 5, '2024-02-12', 9),
(3, 7, '2023-03-05', 10),
(4, 3, '2022-12-10', 7),
(5, 14, '2023-06-22', 6),
(6, 12, '2024-01-15', 8),
(7, 6, '2023-09-18', 7),
(8, 10, '2023-11-25', 9),
(9, 17, '2021-11-01', 6),
(10, 15, '2024-01-11', 8),
(1, 2, '2024-03-20', 7),
(2, 4, '2023-05-30', 9),
(3, 18, '2022-07-10', 8),
(4, 9, '2022-11-12', 6),
(5, 16, '2023-12-01', 7);

INSERT INTO Comments_On (comment_id, user_id, fanfic_id)
VALUES
('001', 1, 1),  -- User 1 comments on Fanfic 1
('001', 2, 5),  -- User 2 comments on Fanfic 5
('001', 3, 7),  -- User 3 comments on Fanfic 7
('001', 4, 3),  -- User 4 comments on Fanfic 3
('001', 5, 14), -- User 5 comments on Fanfic 14
('001', 6, 12), -- User 6 comments on Fanfic 12
('001', 7, 6),  -- User 7 comments on Fanfic 6
('001', 8, 10), -- User 8 comments on Fanfic 10
('001', 9, 17), -- User 9 comments on Fanfic 17
('001', 10, 15); -- User 10 comments on Fanfic 15

INSERT INTO Tagged_With (fanfic_id, tag_name)
VALUES
(1, 'AU'),                  -- Fanfic 1 tagged with 'AU'
(1, 'Fluff'),               -- Fanfic 1 tagged with 'Fluff'
(1, 'Angst'),               -- Fanfic 1 tagged with 'Angst'
(2, 'Fluff'),               -- Fanfic 2 tagged with 'Fluff'
(2, 'Slow Burn'),           -- Fanfic 2 tagged with 'Slow Burn'
(3, 'Angst'),               -- Fanfic 3 tagged with 'Angst'
(3, 'Crossover'),           -- Fanfic 3 tagged with 'Crossover'
(4, 'Slow Burn'),           -- Fanfic 4 tagged with 'Slow Burn'
(4, 'Hurt/Comfort'),        -- Fanfic 4 tagged with 'Hurt/Comfort'
(5, 'Crossover'),           -- Fanfic 5 tagged with 'Crossover'
(5, 'One-shot'),            -- Fanfic 5 tagged with 'One-shot'
(6, 'Hurt/Comfort'),        -- Fanfic 6 tagged with 'Hurt/Comfort'
(6, 'Fluff'),               -- Fanfic 6 tagged with 'Fluff'
(7, 'Crack'),               -- Fanfic 7 tagged with 'Crack'
(7, 'AU'),                  -- Fanfic 7 tagged with 'AU'
(8, 'Canon Divergence'),     -- Fanfic 8 tagged with 'Canon Divergence'
(8, 'Angst'),               -- Fanfic 8 tagged with 'Angst'
(9, 'Fix-it'),              -- Fanfic 9 tagged with 'Fix-it'
(9, 'Hurt/Comfort'),        -- Fanfic 9 tagged with 'Hurt/Comfort'
(10, 'Fluff'),              -- Fanfic 10 tagged with 'Fluff'
(10, 'One-shot'),           -- Fanfic 10 tagged with 'One-shot'
(11, 'AU'),                 -- Fanfic 11 tagged with 'AU'
(11, 'Crossover'),          -- Fanfic 11 tagged with 'Crossover'
(12, 'Angst'),              -- Fanfic 12 tagged with 'Angst'
(12, 'Crack'),              -- Fanfic 12 tagged with 'Crack'
(13, 'Slow Burn'),          -- Fanfic 13 tagged with 'Slow Burn'
(13, 'Fluff'),              -- Fanfic 13 tagged with 'Fluff'
(14, 'Hurt/Comfort'),       -- Fanfic 14 tagged with 'Hurt/Comfort'
(14, 'Fix-it'),             -- Fanfic 14 tagged with 'Fix-it'
(15, 'Crossover'),          -- Fanfic 15 tagged with 'Crossover'
(15, 'One-shot');           -- Fanfic 15 tagged with 'One-shot'

INSERT INTO Parent_Of (child_id, parent_id)
VALUES
(2, 1),   -- Comment 2 is a reply to Comment 1
(3, 1),   -- Comment 3 is a reply to Comment 1
(4, 2),   -- Comment 4 is a reply to Comment 2
(5, 2),   -- Comment 5 is a reply to Comment 2
(6, 3),   -- Comment 6 is a reply to Comment 3
(7, 1),   -- Comment 7 is a reply to Comment 1
(8, 5);   -- Comment 8 is a reply to Comment 5
